{
  "scriptFile": "__init__.py",
  "bindings": [
    {
      "authLevel": "function",
      "type": "httpTrigger",
      "direction": "in",
      "name": "req",
      "methods": [
        "get",
        "post"
      ]
    },
    {
      "name": "inputDocument",
      "type": "cosmosDB",
      "databaseName": "vastagonresumedb",
      "collectionName": "count-container",
      "connectionStringSetting": "CosmosDbConnectionString",
      "direction": "in"
    },
    {
      "name": "$return",
      "type": "cosmosDB",
      "databaseName": "vastagonresumedb",
      "collectionName": "count-container",
      "createIfNotExists": true,
      "connectionStringSetting": "CosmosDbConnectionString",
      "direction": "out"
    }
  ]
}